-- phpMyAdmin SQL Dump
-- version 4.8.2
-- https://www.phpmyadmin.net/
--
-- Host: 127.0.0.1
-- Generation Time: Dec 16, 2018 at 11:02 AM
-- Server version: 10.1.34-MariaDB
-- PHP Version: 5.6.37

SET SQL_MODE = "NO_AUTO_VALUE_ON_ZERO";
SET AUTOCOMMIT = 0;
START TRANSACTION;
SET time_zone = "+00:00";


/*!40101 SET @OLD_CHARACTER_SET_CLIENT=@@CHARACTER_SET_CLIENT */;
/*!40101 SET @OLD_CHARACTER_SET_RESULTS=@@CHARACTER_SET_RESULTS */;
/*!40101 SET @OLD_COLLATION_CONNECTION=@@COLLATION_CONNECTION */;
/*!40101 SET NAMES utf8mb4 */;

--
-- Database: `db_keuangan`
--

-- --------------------------------------------------------

--
-- Table structure for table `identitas`
--

CREATE TABLE `identitas` (
  `id_identitas` int(5) NOT NULL,
  `nama_website` varchar(100) NOT NULL,
  `email` varchar(100) NOT NULL,
  `url` varchar(100) CHARACTER SET latin1 COLLATE latin1_general_ci NOT NULL,
  `facebook` text CHARACTER SET latin1 COLLATE latin1_general_ci NOT NULL,
  `twitter` text NOT NULL,
  `instagram` text NOT NULL,
  `google` text NOT NULL,
  `youtube` text NOT NULL,
  `alamat` varchar(100) NOT NULL,
  `no_telp` varchar(20) CHARACTER SET latin1 COLLATE latin1_general_ci NOT NULL,
  `meta_deskripsi` varchar(250) NOT NULL,
  `meta_keyword` varchar(250) NOT NULL,
  `favicon` varchar(50) NOT NULL,
  `maps` text NOT NULL
) ENGINE=MyISAM DEFAULT CHARSET=latin1;

--
-- Dumping data for table `identitas`
--

INSERT INTO `identitas` (`id_identitas`, `nama_website`, `email`, `url`, `facebook`, `twitter`, `instagram`, `google`, `youtube`, `alamat`, `no_telp`, `meta_deskripsi`, `meta_keyword`, `favicon`, `maps`) VALUES
(1, 'News Tekno', 'official.adzan@gmail.com', 'https://www.lawumedia.com', 'https://www.facebook.com/', 'https://twitter.com/', 'https://instagram.com/', 'https://plus.google.com/', 'https://youtube.com/', 'Kacangan Rt.02/Rw.08, Tawangsari, Kerjo, Karanganyar Jawa Tengah, Indonesia 57753', '085878992214', 'News Tekno Menyajikan seputar informasi teknologi, gadget, komputer, games, tips dan trik, news', 'teknologi, games, komputer, tips dan trik, news, aplikasi', 'favicon1.png', 'https://www.google.com/maps/embed?pb=!1m14!1m8!1m3!1d3989.3358607198243!2d100.35483479999999!3d-0.8910373999999999!3m2!1i1024!2i768!4f13.1!3m3!1m2!1s0x2fd4b8aa1a4e0441%3A0x3f81ebb48d31a38b!2sTunggul+Hitam%2C+Padang+Utara%2C+Kota+Padang%2C+Sumatera+Barat+25173!5e0!3m2!1sid!2sid!4v1408275531365');

-- --------------------------------------------------------

--
-- Table structure for table `keuangan`
--

CREATE TABLE `keuangan` (
  `id_keuangan` int(11) NOT NULL,
  `username` varchar(50) NOT NULL,
  `status` enum('masuk','keluar') NOT NULL,
  `tgl` date NOT NULL,
  `tujuan` text NOT NULL,
  `jumlah` text NOT NULL
) ENGINE=InnoDB DEFAULT CHARSET=latin1;

--
-- Dumping data for table `keuangan`
--

INSERT INTO `keuangan` (`id_keuangan`, `username`, `status`, `tgl`, `tujuan`, `jumlah`) VALUES
(1, 'admin', 'masuk', '2018-05-08', '-', '100000'),
(3, 'admin', 'masuk', '2018-05-08', '-', '200000'),
(4, 'admin', 'masuk', '2018-05-09', 'Aku', '2000000'),
(6, 'admin', 'keluar', '2018-05-24', 'Beli Cat', '56000');

-- --------------------------------------------------------

--
-- Table structure for table `modul`
--

CREATE TABLE `modul` (
  `id_modul` int(5) NOT NULL,
  `nama_modul` varchar(50) CHARACTER SET latin1 COLLATE latin1_general_ci NOT NULL,
  `username` varchar(50) CHARACTER SET latin1 COLLATE latin1_general_ci NOT NULL,
  `link` varchar(100) CHARACTER SET latin1 COLLATE latin1_general_ci NOT NULL,
  `static_content` text CHARACTER SET latin1 COLLATE latin1_general_ci NOT NULL,
  `gambar` varchar(100) CHARACTER SET latin1 COLLATE latin1_general_ci NOT NULL,
  `publish` enum('Y','N') CHARACTER SET latin1 COLLATE latin1_general_ci NOT NULL DEFAULT 'Y',
  `status` enum('user','admin') CHARACTER SET latin1 COLLATE latin1_general_ci NOT NULL,
  `aktif` enum('Y','N') CHARACTER SET latin1 COLLATE latin1_general_ci NOT NULL DEFAULT 'Y',
  `urutan` int(5) NOT NULL,
  `link_seo` varchar(50) CHARACTER SET latin1 COLLATE latin1_general_ci NOT NULL
) ENGINE=MyISAM DEFAULT CHARSET=latin1;

--
-- Dumping data for table `modul`
--

INSERT INTO `modul` (`id_modul`, `nama_modul`, `username`, `link`, `static_content`, `gambar`, `publish`, `status`, `aktif`, `urutan`, `link_seo`) VALUES
(2, 'Manajemen User', 'admin', 'manajemenuser', '', '', 'Y', 'user', 'Y', 0, ''),
(18, 'Berita', 'admin', 'listberita', '', '', 'Y', 'user', 'Y', 0, ''),
(71, 'Background Website', 'admin', 'background', '', '', 'N', 'admin', 'N', 0, ''),
(10, 'Manajemen Modul', 'admin', 'manajemenmodul', '', '', 'Y', 'user', 'Y', 0, ''),
(31, 'Kategori Berita ', 'admin', 'kategorikategori', '', '', 'Y', 'user', 'Y', 0, ''),
(33, 'Jajak Pendapat', 'admin', 'jajakpendapat', '', '', 'Y', 'user', 'Y', 0, ''),
(34, 'Tag Berita', 'admin', 'tagberita', '', '', 'Y', 'user', 'Y', 0, ''),
(35, 'Komentar Berita', 'admin', 'komentarberita', '', '', 'Y', 'user', 'Y', 0, ''),
(41, 'Agenda', 'admin', 'agenda', '', '', 'Y', 'user', 'Y', 0, ''),
(43, 'Berita Foto', 'admin', 'album', '', '', 'Y', 'user', 'Y', 0, ''),
(44, 'Galeri Berita Foto', 'admin', 'gallery', '', '', 'Y', 'user', 'Y', 0, ''),
(45, 'Template Website', 'admin', 'templatewebsite', '', '', 'Y', 'user', 'Y', 0, ''),
(46, 'Sensor Kata', 'admin', 'sensorkomentar', '', '', 'Y', 'user', 'Y', 0, ''),
(61, 'Identitas Website', 'admin', 'identitaswebsite', '', '', 'Y', 'user', 'Y', 0, ''),
(57, 'Menu Website', 'admin', 'menuwebsite', '', '', 'Y', 'user', 'Y', 0, ''),
(59, 'Halaman Baru', 'admin', 'halamanbaru', '', '', 'Y', 'user', 'Y', 0, ''),
(62, 'Video', 'admin', 'video', '', '', 'Y', 'user', 'Y', 0, ''),
(63, 'Playlist Video', 'admin', 'playlist', '', '', 'Y', 'user', 'Y', 0, ''),
(64, 'Tag Video', 'admin', 'tagvideo', '', '', 'Y', 'user', 'Y', 0, ''),
(65, 'Komentar Video', 'admin', 'komentarvideo', '', '', 'Y', 'user', 'Y', 0, ''),
(66, 'Logo Website', 'admin', 'logowebsite', '', '', 'Y', 'user', 'Y', 0, ''),
(67, 'Iklan Sidebar', 'admin', 'iklansidebar', '', '', 'N', 'admin', 'N', 0, ''),
(68, 'Iklan Home', 'admin', 'iklanhome', '', '', 'N', 'admin', 'N', 0, ''),
(69, 'Iklan Atas', 'admin', 'iklanatas', '', '', 'N', 'admin', 'N', 0, ''),
(70, 'Pesan Masuk', 'admin', 'pesanmasuk', '', '', 'Y', 'user', 'Y', 0, ''),
(72, 'Sekilas Info', 'admin', 'sekilasinfo', '', '', 'N', 'admin', 'N', 0, ''),
(73, 'Yahoo Messanger', 'admin', 'ym', '', '', 'N', 'admin', 'N', 0, ''),
(74, 'Download Area', 'admin', 'download', '', '', 'Y', 'admin', 'Y', 0, ''),
(75, 'Alamat Kontak', 'admin', 'alamat', '', '', 'Y', 'admin', 'Y', 0, '');

-- --------------------------------------------------------

--
-- Table structure for table `users`
--

CREATE TABLE `users` (
  `username` varchar(50) CHARACTER SET latin1 COLLATE latin1_general_ci NOT NULL,
  `password` varchar(255) CHARACTER SET latin1 COLLATE latin1_general_ci NOT NULL,
  `nama_lengkap` varchar(100) CHARACTER SET latin1 COLLATE latin1_general_ci NOT NULL,
  `email` varchar(100) CHARACTER SET latin1 COLLATE latin1_general_ci NOT NULL,
  `no_telp` varchar(20) CHARACTER SET latin1 COLLATE latin1_general_ci NOT NULL,
  `foto` varchar(100) CHARACTER SET latin1 COLLATE latin1_general_ci NOT NULL,
  `level` varchar(20) CHARACTER SET latin1 COLLATE latin1_general_ci NOT NULL DEFAULT 'user',
  `blokir` enum('Y','N') CHARACTER SET latin1 COLLATE latin1_general_ci NOT NULL DEFAULT 'N',
  `id_session` varchar(255) NOT NULL
) ENGINE=MyISAM DEFAULT CHARSET=latin1;

--
-- Dumping data for table `users`
--

INSERT INTO `users` (`username`, `password`, `nama_lengkap`, `email`, `no_telp`, `foto`, `level`, `blokir`, `id_session`) VALUES
('admin', 'd033e22ae348aeb5660fc2140aec35850c4da997', 'Ahmad Adzan Azari', 'ahmad.adzan@gmail.com', '085878992214', 'barcode.png', 'admin', 'N', 'q173s8hs1jl04st35169ccl8o7'),
('ahmadadzan', '7a6ec39bf947a04652d55b4bac9d95576a962342', 'Ahmad Adzan Azari', 'official.adzan@gmail.com', '5465566767878798', 'favicon1.png', 'admin', 'N', 'd7dc668a7668dcbf38cc7a996d9165dc-20180508184655'),
('azari', '4bb8d9b327f9061ad40433436d1a112c6870de96', 'adan', 'official.adzan@gmail.com', '3455676774', '', 'user', 'Y', 'ec62af64271b44b8b72d71e3ffea2c9c-20180508192243');

-- --------------------------------------------------------

--
-- Table structure for table `users_modul`
--

CREATE TABLE `users_modul` (
  `id_umod` int(11) NOT NULL,
  `id_session` varchar(255) NOT NULL,
  `id_modul` int(11) NOT NULL
) ENGINE=MyISAM DEFAULT CHARSET=latin1;

--
-- Dumping data for table `users_modul`
--

INSERT INTO `users_modul` (`id_umod`, `id_session`, `id_modul`) VALUES
(1, 'ed1d859c50262701d92e5cbf39652792-20170120090507', 70),
(2, 'ed1d859c50262701d92e5cbf39652792-20170120090507', 65),
(3, 'ed1d859c50262701d92e5cbf39652792-20170120090507', 63),
(4, 'f76ad5ee772ac196cbc09824e24859ee', 70),
(5, 'f76ad5ee772ac196cbc09824e24859ee', 65),
(6, 'f76ad5ee772ac196cbc09824e24859ee', 63),
(7, 'ed1d859c50262701d92e5cbf39652792-20170120090507', 18),
(8, 'ed1d859c50262701d92e5cbf39652792-20170120090507', 66),
(9, 'ed1d859c50262701d92e5cbf39652792-20170120090507', 33),
(10, '3460d81e02faa3559f9e02c9a766fcbd-20170124215625', 18),
(11, 'ed1d859c50262701d92e5cbf39652792-20170120090507', 41),
(12, '6bec9c852847242e384a4d5ac0962ba0-20170406140423', 18),
(13, 'fa7688658d8b38aae731826ea1daebb5-20170521103501', 18),
(14, 'cfcd208495d565ef66e7dff9f98764da-20180421112213', 18);

--
-- Indexes for dumped tables
--

--
-- Indexes for table `identitas`
--
ALTER TABLE `identitas`
  ADD PRIMARY KEY (`id_identitas`);

--
-- Indexes for table `keuangan`
--
ALTER TABLE `keuangan`
  ADD PRIMARY KEY (`id_keuangan`);

--
-- Indexes for table `modul`
--
ALTER TABLE `modul`
  ADD PRIMARY KEY (`id_modul`);

--
-- Indexes for table `users`
--
ALTER TABLE `users`
  ADD PRIMARY KEY (`username`);

--
-- Indexes for table `users_modul`
--
ALTER TABLE `users_modul`
  ADD PRIMARY KEY (`id_umod`);

--
-- AUTO_INCREMENT for dumped tables
--

--
-- AUTO_INCREMENT for table `identitas`
--
ALTER TABLE `identitas`
  MODIFY `id_identitas` int(5) NOT NULL AUTO_INCREMENT, AUTO_INCREMENT=2;

--
-- AUTO_INCREMENT for table `keuangan`
--
ALTER TABLE `keuangan`
  MODIFY `id_keuangan` int(11) NOT NULL AUTO_INCREMENT, AUTO_INCREMENT=7;

--
-- AUTO_INCREMENT for table `modul`
--
ALTER TABLE `modul`
  MODIFY `id_modul` int(5) NOT NULL AUTO_INCREMENT, AUTO_INCREMENT=76;

--
-- AUTO_INCREMENT for table `users_modul`
--
ALTER TABLE `users_modul`
  MODIFY `id_umod` int(11) NOT NULL AUTO_INCREMENT, AUTO_INCREMENT=15;
COMMIT;

/*!40101 SET CHARACTER_SET_CLIENT=@OLD_CHARACTER_SET_CLIENT */;
/*!40101 SET CHARACTER_SET_RESULTS=@OLD_CHARACTER_SET_RESULTS */;
/*!40101 SET COLLATION_CONNECTION=@OLD_COLLATION_CONNECTION */;
